raw_dimension_x,raw_dimension_y,raw_dimension_z,raw_voxel_size_x,raw_voxel_size_y,raw_voxel_size_z,raw_max_b,raw_neighbor_corr,raw_num_bad_slices,raw_num_directions,raw_coherence_index,raw_incoherence_index,t1_dimension_x,t1_dimension_y,t1_dimension_z,t1_voxel_size_x,t1_voxel_size_y,t1_voxel_size_z,t1_max_b,t1_neighbor_corr,t1_num_bad_slices,t1_num_directions,t1_coherence_index,t1_incoherence_index,mean_fd,max_fd,max_rotation,max_translation,max_rel_rotation,max_rel_translation,t1_dice_distance,file_name,subject_id,session_id,task_id,dir_id,acq_id,space_id,rec_id,run_id,scheme,noise,percent_motion,iternum,method,setting,motion_severity,denoising
90.0,108.0,90.0,2.0,2.0,2.0,1000.0,0.32858,19.0,35.0,3167.94,40043.7,97.0,116.0,98.0,2.0,2.0,2.0,1000.0,0.8413069999999999,0.0,35.0,1789.66,9192.38,21.779684169956173,38.078183266905,0.190441221,8.055574976,0.25766976178,8.631762713,0.0089870826450102,sub-PNC_acq-mot15perm004,sub-PNC,,,,acq-mot15perm004,,,,PNC,realistic,15.0,4,eddy,Linear,high,dwidenoise
90.0,108.0,90.0,2.0,2.0,2.0,4985.0,0.573619,151.0,279.0,3376.97,14709.3,97.0,116.0,98.0,2.0,2.0,2.0,4985.0,0.855483,81.0,279.0,3718.38,13149.9,5.460796122302158,32.84639000000001,0.164008,4.752035,0.216611,6.47226,0.0075916863983162,sub-DSIQ5_acq-mot15perm005,sub-DSIQ5,,,,acq-mot15perm005,,,,DSIQ5,realistic,15.0,5,3dSHORE,Affine,high,dwidenoise
90.0,108.0,90.0,2.0,2.0,2.0,3000.0,0.5403279999999999,64.0,103.0,3238.1,19116.0,97.0,116.0,98.0,2.0,2.0,2.0,3000.0,0.816381,53.0,103.0,3579.66,12972.4,5.262526147058823,21.40399,0.125909,4.91584,0.157406,4.813194,0.0078422708287304,sub-ABCD_acq-mot15perm005,sub-ABCD,,,,acq-mot15perm005,,,,ABCD,realistic,15.0,5,3dSHORE,Rigid,high,dwidenoise
90.0,108.0,90.0,2.0,2.0,2.0,3000.0,0.530347,78.0,103.0,2930.89,17084.9,97.0,116.0,98.0,2.0,2.0,2.0,3000.0,0.825383,22.0,103.0,3451.25,11617.2,4.8243494607843145,20.303803,0.133794,4.487847,0.160115,4.625915,0.5607976318441696,sub-ABCD_acq-mot15perm010,sub-ABCD,,,,acq-mot15perm010,,,,ABCD,realistic,15.0,10,3dSHORE,Rigid,high,dwidenoise
90.0,108.0,90.0,2.0,2.0,2.0,3000.0,0.540338,64.0,103.0,3241.09,19148.9,97.0,116.0,98.0,2.0,2.0,2.0,3000.0,0.826836,68.0,103.0,3171.89,11396.1,5.950916362745098,24.46343,0.156844,4.872267,0.1696439999999999,4.714572,0.0087245726010578,sub-ABCD_acq-mot15perm005,sub-ABCD,,,,acq-mot15perm005,,,,ABCD,realistic,15.0,5,3dSHORE,Affine,high,dwidenoise
90.0,108.0,90.0,2.0,2.0,2.0,4985.0,0.579281,119.0,279.0,3612.91,16463.8,97.0,116.0,98.0,2.0,2.0,2.0,4985.0,0.851246,132.0,279.0,3809.67,14553.7,5.213224366906475,25.19016,0.137357,4.512413,0.159136,6.571467999999999,0.0080760354849092,sub-DSIQ5_acq-mot15perm003,sub-DSIQ5,,,,acq-mot15perm003,,,,DSIQ5,realistic,15.0,3,3dSHORE,Affine,high,dwidenoise
90.0,108.0,90.0,2.0,2.0,2.0,5015.0,0.476968,126.0,61.0,48588.4,71048.5,97.0,116.0,98.0,2.0,2.0,2.0,5015.0,0.75267,42.0,61.0,47253.1,59718.2,6.3825275,29.352578,0.139032,5.422394000000001,0.152578,6.580891,0.0088745953672173,sub-HASC55_acq-mot15perm002,sub-HASC55,,,,acq-mot15perm002,,,,HASC55,realistic,15.0,2,3dSHORE,Rigid,high,dwidenoise
90.0,108.0,90.0,2.0,2.0,2.0,1000.0,0.33733,15.0,35.0,3419.35,39723.8,97.0,116.0,98.0,2.0,2.0,2.0,1000.0,0.8415549999999999,0.0,35.0,1716.75,8879.92,23.308825962731472,38.5301362975,0.1908768564,8.113684107000001,0.25849898155,9.467724923999995,0.0079883866488539,sub-PNC_acq-mot15perm001,sub-PNC,,,,acq-mot15perm001,,,,PNC,realistic,15.0,1,eddy,Linear,high,dwidenoise
90.0,108.0,90.0,2.0,2.0,2.0,4985.0,0.57597,136.0,279.0,3628.06,15018.7,97.0,116.0,98.0,2.0,2.0,2.0,4985.0,0.8629870000000001,86.0,279.0,3725.53,14708.6,4.895445320143884,21.101407,0.133717,4.725698,0.201775,4.609224,0.0085619966778107,sub-DSIQ5_acq-mot15perm001,sub-DSIQ5,,,,acq-mot15perm001,,,,DSIQ5,realistic,15.0,1,3dSHORE,Rigid,high,dwidenoise
90.0,108.0,90.0,2.0,2.0,2.0,3000.0,0.514155,75.0,103.0,3037.7,19686.1,97.0,116.0,98.0,2.0,2.0,2.0,3000.0,0.836902,2.0,103.0,3265.8,10357.7,4.182752110639039,22.5821325476,0.1158306152,4.095696466000001,0.1405595838999999,4.5551398800000005,0.0078965474434585,sub-ABCD_acq-mot15perm003,sub-ABCD,,,,acq-mot15perm003,,,,ABCD,realistic,15.0,3,eddy,Linear,high,dwidenoise
90.0,108.0,90.0,2.0,2.0,2.0,3010.0,0.608456,85.0,288.0,4106.86,17787.8,97.0,116.0,98.0,2.0,2.0,2.0,3010.0,0.881242,76.0,288.0,4523.43,14977.4,5.726697756097561,37.83554,0.13951,5.326964,0.22375,7.909537,0.560504929333941,sub-HCP_acq-mot15perm004,sub-HCP,,,,acq-mot15perm004,,,,HCP,realistic,15.0,4,3dSHORE,Rigid,high,dwidenoise
90.0,108.0,90.0,2.0,2.0,2.0,3000.0,0.529337,54.0,103.0,3074.38,18292.4,97.0,116.0,98.0,2.0,2.0,2.0,3000.0,0.827514,85.0,103.0,3199.21,11997.3,6.977999176470588,27.823757,0.166404,4.29222,0.198534,4.016989,0.0081198540950569,sub-ABCD_acq-mot15perm004,sub-ABCD,,,,acq-mot15perm004,,,,ABCD,realistic,15.0,4,3dSHORE,Affine,high,dwidenoise
90.0,108.0,90.0,2.0,2.0,2.0,4985.0,0.574946,131.0,279.0,3206.47,15307.5,97.0,116.0,98.0,2.0,2.0,2.0,4985.0,0.8484860000000001,134.0,279.0,3500.7,14030.2,5.681189007194244,28.652976,0.159701,6.232951,0.230858,6.403202,0.0079132467455957,sub-DSIQ5_acq-mot15perm010,sub-DSIQ5,,,,acq-mot15perm010,,,,DSIQ5,realistic,15.0,10,3dSHORE,Affine,high,dwidenoise
90.0,108.0,90.0,2.0,2.0,2.0,1000.0,0.333465,15.0,35.0,3049.61,40047.7,97.0,116.0,98.0,2.0,2.0,2.0,1000.0,0.840258,0.0,35.0,1777.78,9157.93,23.23651671307941,37.1059101085,0.1907743961,8.115997177999999,0.25823888932,7.762521006,0.0087120686537919,sub-PNC_acq-mot15perm003,sub-PNC,,,,acq-mot15perm003,,,,PNC,realistic,15.0,3,eddy,Linear,high,dwidenoise
90.0,108.0,90.0,2.0,2.0,2.0,3010.0,0.579484,100.0,288.0,3858.84,18379.1,97.0,116.0,98.0,2.0,2.0,2.0,3010.0,0.8999940000000001,4.0,288.0,4939.53,14212.6,4.32022628529767,19.596084219775,0.1132519916,5.312166908999999,0.1437884494699999,5.172934043999999,0.0087245726010578,sub-HCP_acq-mot15perm008,sub-HCP,,,,acq-mot15perm008,,,,HCP,realistic,15.0,8,eddy,Linear,high,dwidenoise
90.0,108.0,90.0,2.0,2.0,2.0,3010.0,0.6036520000000001,98.0,288.0,4440.36,18990.5,97.0,116.0,98.0,2.0,2.0,2.0,3010.0,0.901114,63.0,288.0,4201.14,14283.0,6.13634468989547,31.070295,0.1640939999999999,4.452211,0.1959769999999999,6.173103,0.0081219405989747,sub-HCP_acq-mot15perm006,sub-HCP,,,,acq-mot15perm006,,,,HCP,realistic,15.0,6,3dSHORE,Affine,high,dwidenoise
90.0,108.0,90.0,2.0,2.0,2.0,5015.0,0.512382,134.0,61.0,40491.5,62116.8,97.0,116.0,98.0,2.0,2.0,2.0,5015.0,0.746913,26.0,61.0,39018.1,44877.2,6.569771216666667,25.450385,0.118051,4.16064,0.163182,5.081849999999999,0.0085474039231848,sub-HASC55_acq-mot15perm007,sub-HASC55,,,,acq-mot15perm007,,,,HASC55,realistic,15.0,7,3dSHORE,Affine,high,dwidenoise
90.0,108.0,90.0,2.0,2.0,2.0,5015.0,0.515754,125.0,61.0,52608.9,81420.5,97.0,116.0,98.0,2.0,2.0,2.0,5015.0,0.752729,32.0,61.0,32026.2,61396.2,6.2027050500000005,24.925378,0.134143,4.051488,0.154853,4.296049,0.0077190826329058,sub-HASC55_acq-mot15perm005,sub-HASC55,,,,acq-mot15perm005,,,,HASC55,realistic,15.0,5,3dSHORE,Affine,high,dwidenoise
90.0,108.0,90.0,2.0,2.0,2.0,5015.0,0.47707,126.0,61.0,48374.9,70763.1,97.0,116.0,98.0,2.0,2.0,2.0,5015.0,0.757529,51.0,61.0,36917.2,51316.8,7.091264216666667,30.187695,0.13348,5.54235,0.153404,6.696725,0.0079215961858513,sub-HASC55_acq-mot15perm002,sub-HASC55,,,,acq-mot15perm002,,,,HASC55,realistic,15.0,2,3dSHORE,Affine,high,dwidenoise
90.0,108.0,90.0,2.0,2.0,2.0,3000.0,0.5333439999999999,45.0,103.0,2848.55,19323.6,97.0,116.0,98.0,2.0,2.0,2.0,3000.0,0.811138,2.0,103.0,3110.51,11097.5,7.615896426322633,19.9657138029,0.1118666679,3.94076227,0.1953055411099999,6.196160079,0.0084139645313857,sub-ABCD_acq-mot15perm002,sub-ABCD,,,,acq-mot15perm002,,,,ABCD,realistic,15.0,2,eddy,Quadratic,high,dwidenoise
90.0,108.0,90.0,2.0,2.0,2.0,4985.0,0.5922069999999999,125.0,279.0,3847.01,15938.4,97.0,116.0,98.0,2.0,2.0,2.0,4985.0,0.859598,95.0,279.0,4446.97,14681.9,5.232107280575539,33.549894,0.1470249999999999,4.777163,0.213514,6.664997,0.0085557426927144,sub-DSIQ5_acq-mot15perm004,sub-DSIQ5,,,,acq-mot15perm004,,,,DSIQ5,realistic,15.0,4,3dSHORE,Rigid,high,dwidenoise
90.0,108.0,90.0,2.0,2.0,2.0,5015.0,0.5207579999999999,130.0,61.0,46968.5,70714.4,97.0,116.0,98.0,2.0,2.0,2.0,5015.0,0.783335,40.0,61.0,38783.1,40362.5,5.87376015,27.535071,0.12304,4.28051,0.1814299999999999,4.160073,0.0092036528836011,sub-HASC55_acq-mot15perm009,sub-HASC55,,,,acq-mot15perm009,,,,HASC55,realistic,15.0,9,3dSHORE,Affine,high,dwidenoise
90.0,108.0,90.0,2.0,2.0,2.0,5015.0,0.4986319999999999,125.0,61.0,42092.5,65397.1,97.0,116.0,98.0,2.0,2.0,2.0,5015.0,0.721374,49.0,61.0,48223.0,65518.7,6.256053366666666,25.293181,0.090621,4.075019999999999,0.116427,5.036038,0.0082784033786654,sub-HASC55_acq-mot15perm008,sub-HASC55,,,,acq-mot15perm008,,,,HASC55,realistic,15.0,8,3dSHORE,Rigid,high,dwidenoise
90.0,108.0,90.0,2.0,2.0,2.0,3010.0,0.590882,85.0,288.0,4584.97,18182.5,97.0,116.0,98.0,2.0,2.0,2.0,3010.0,0.8981389999999999,51.0,288.0,4065.0,13975.5,6.013491585365854,32.276644,0.167169,4.407321,0.255326,6.889695000000001,0.0082804892155934,sub-HCP_acq-mot15perm007,sub-HCP,,,,acq-mot15perm007,,,,HCP,realistic,15.0,7,3dSHORE,Affine,high,dwidenoise
90.0,108.0,90.0,2.0,2.0,2.0,3000.0,0.533941,66.0,103.0,3307.31,19131.5,97.0,116.0,98.0,2.0,2.0,2.0,3000.0,0.8271139999999999,27.0,103.0,2919.66,10968.1,5.890269529411764,29.799949,0.177019,4.509563,0.226388,4.849294,0.0081135945306337,sub-ABCD_acq-mot15perm009,sub-ABCD,,,,acq-mot15perm009,,,,ABCD,realistic,15.0,9,3dSHORE,Affine,high,dwidenoise
90.0,108.0,90.0,2.0,2.0,2.0,3010.0,0.603621,98.0,288.0,4441.09,18992.1,97.0,116.0,98.0,2.0,2.0,2.0,3010.0,0.881302,53.0,288.0,4552.11,15584.7,5.5627931184669,31.32807,0.138822,4.414356,0.188257,6.14419,0.560649896526052,sub-HCP_acq-mot15perm006,sub-HCP,,,,acq-mot15perm006,,,,HCP,realistic,15.0,6,3dSHORE,Rigid,high,dwidenoise
90.0,108.0,90.0,2.0,2.0,2.0,3000.0,0.5431010000000001,76.0,103.0,2716.56,18064.8,97.0,116.0,98.0,2.0,2.0,2.0,3000.0,0.8392620000000001,2.0,103.0,3252.96,11177.9,4.445008520708571,16.471650633395,0.1041439027,3.69097109,0.10488849878,3.6276143928,0.0121367410346713,sub-ABCD_acq-mot15perm008,sub-ABCD,,,,acq-mot15perm008,,,,ABCD,realistic,15.0,8,eddy,Quadratic,high,dwidenoise
90.0,108.0,90.0,2.0,2.0,2.0,3000.0,0.52275,72.0,103.0,2941.77,19105.5,97.0,116.0,98.0,2.0,2.0,2.0,3000.0,0.830584,47.0,103.0,2845.4,10494.9,5.447776686274511,24.6622,0.178162,3.5274660000000004,0.21814,3.924716000000001,0.0086849756858523,sub-ABCD_acq-mot15perm007,sub-ABCD,,,,acq-mot15perm007,,,,ABCD,realistic,15.0,7,3dSHORE,Affine,high,dwidenoise
90.0,108.0,90.0,2.0,2.0,2.0,3010.0,0.608405,85.0,288.0,4100.26,17722.1,97.0,116.0,98.0,2.0,2.0,2.0,3010.0,0.900201,47.0,288.0,4082.8,14037.8,6.420637773519164,39.053505,0.158912,5.486626,0.238918,8.116859,0.008693312141414,sub-HCP_acq-mot15perm004,sub-HCP,,,,acq-mot15perm004,,,,HCP,realistic,15.0,4,3dSHORE,Affine,high,dwidenoise
90.0,108.0,90.0,2.0,2.0,2.0,3000.0,0.540411,64.0,103.0,2882.97,19301.2,97.0,116.0,98.0,2.0,2.0,2.0,3000.0,0.839003,3.0,103.0,3262.89,11042.2,4.249116342604046,23.8686892749,0.0934748798599999,3.907784643,0.13773694262,4.6240756959,0.0080384735946345,sub-ABCD_acq-mot15perm005,sub-ABCD,,,,acq-mot15perm005,,,,ABCD,realistic,15.0,5,eddy,Quadratic,high,dwidenoise
90.0,108.0,90.0,2.0,2.0,2.0,5015.0,0.497276,132.0,61.0,40996.5,61608.9,97.0,116.0,98.0,2.0,2.0,2.0,5015.0,0.7297739999999999,31.0,61.0,27213.6,55846.8,7.053491466666667,29.133213,0.138566,4.8919,0.161152,4.787076,0.0084118792558851,sub-HASC55_acq-mot15perm006,sub-HASC55,,,,acq-mot15perm006,,,,HASC55,realistic,15.0,6,3dSHORE,Rigid,high,dwidenoise
90.0,108.0,90.0,2.0,2.0,2.0,3000.0,0.52909,54.0,103.0,2720.19,18531.8,97.0,116.0,98.0,2.0,2.0,2.0,3000.0,0.8480219999999999,2.0,103.0,3024.96,10600.8,3.950080121188056,18.298909914574494,0.1071704402999999,3.532129042,0.1073344203756999,3.307000993,0.0079508181200386,sub-ABCD_acq-mot15perm004,sub-ABCD,,,,acq-mot15perm004,,,,ABCD,realistic,15.0,4,eddy,Quadratic,high,dwidenoise
90.0,108.0,90.0,2.0,2.0,2.0,1000.0,0.323873,8.0,35.0,3857.86,39483.3,97.0,116.0,98.0,2.0,2.0,2.0,1000.0,0.8402879999999999,0.0,35.0,1755.83,8997.11,20.90361027103529,34.36366670825,0.1892984211,8.154781683999998,0.25680617984,7.770397383000001,0.0088204257179734,sub-PNC_acq-mot15perm010,sub-PNC,,,,acq-mot15perm010,,,,PNC,realistic,15.0,10,eddy,Quadratic,high,dwidenoise
90.0,108.0,90.0,2.0,2.0,2.0,3000.0,0.530349,78.0,103.0,2931.97,17088.6,97.0,116.0,98.0,2.0,2.0,2.0,3000.0,0.840317,34.0,103.0,2884.65,9682.83,5.649324411764706,23.066227,0.137019,4.577573999999999,0.187684,4.719556999999999,0.0082366847974692,sub-ABCD_acq-mot15perm010,sub-ABCD,,,,acq-mot15perm010,,,,ABCD,realistic,15.0,10,3dSHORE,Affine,high,dwidenoise
90.0,108.0,90.0,2.0,2.0,2.0,3010.0,0.621388,87.0,288.0,3754.92,18366.5,97.0,116.0,98.0,2.0,2.0,2.0,3010.0,0.8977729999999999,3.0,288.0,4151.59,15079.1,4.016920194170507,22.29222937765,0.115845412,5.147442595000001,0.17653997241,6.26256481,0.008265888172839,sub-HCP_acq-mot15perm002,sub-HCP,,,,acq-mot15perm002,,,,HCP,realistic,15.0,2,eddy,Linear,high,dwidenoise
90.0,108.0,90.0,2.0,2.0,2.0,3000.0,0.522774,72.0,103.0,2939.6,19093.5,97.0,116.0,98.0,2.0,2.0,2.0,3000.0,0.813351,40.0,103.0,3159.71,11892.6,4.824202931372549,20.274474,0.118546,3.581207,0.123696,4.008145,0.5608017228210449,sub-ABCD_acq-mot15perm007,sub-ABCD,,,,acq-mot15perm007,,,,ABCD,realistic,15.0,7,3dSHORE,Rigid,high,dwidenoise
90.0,108.0,90.0,2.0,2.0,2.0,3000.0,0.5229159999999999,72.0,103.0,2566.97,19345.0,97.0,116.0,98.0,2.0,2.0,2.0,3000.0,0.8415940000000001,2.0,103.0,3135.21,11021.7,3.644969688544792,16.43289320585,0.09982661158,3.587838133,0.12497380749,4.061569601,0.0088245928242901,sub-ABCD_acq-mot15perm007,sub-ABCD,,,,acq-mot15perm007,,,,ABCD,realistic,15.0,7,eddy,Linear,high,dwidenoise
90.0,108.0,90.0,2.0,2.0,2.0,3010.0,0.62075,87.0,288.0,4051.15,18060.0,97.0,116.0,98.0,2.0,2.0,2.0,3010.0,0.878127,88.0,288.0,4393.28,15487.8,5.696790303135887,32.766046,0.141239,5.308511,0.185546,5.879018,0.0080614284211633,sub-HCP_acq-mot15perm003,sub-HCP,,,,acq-mot15perm003,,,,HCP,realistic,15.0,3,3dSHORE,Rigid,high,dwidenoise
90.0,108.0,90.0,2.0,2.0,2.0,3000.0,0.5108520000000001,69.0,103.0,3038.67,19692.3,97.0,116.0,98.0,2.0,2.0,2.0,3000.0,0.836485,2.0,103.0,3254.47,10389.2,4.260721641305175,22.419594595,0.1160842776,4.184308288,0.13941338659,4.431984712,0.0079403819125926,sub-ABCD_acq-mot15perm003,sub-ABCD,,,,acq-mot15perm003,,,,ABCD,realistic,15.0,3,eddy,Quadratic,high,dwidenoise
90.0,108.0,90.0,2.0,2.0,2.0,3000.0,0.540378,64.0,103.0,2884.02,19330.5,97.0,116.0,98.0,2.0,2.0,2.0,3000.0,0.838406,3.0,103.0,3250.68,10985.5,4.218463699978694,23.9549568596,0.09352941066,4.038841376000001,0.13838865608,4.7645181773,0.0076710518285304,sub-ABCD_acq-mot15perm005,sub-ABCD,,,,acq-mot15perm005,,,,ABCD,realistic,15.0,5,eddy,Linear,high,dwidenoise
90.0,108.0,90.0,2.0,2.0,2.0,3010.0,0.584912,86.0,288.0,4126.1,18472.2,97.0,116.0,98.0,2.0,2.0,2.0,3010.0,0.8983180000000001,109.0,288.0,4041.41,14192.0,6.019077386759582,32.124676,0.154609,4.162953,0.201409,7.084359000000001,0.008357659014242,sub-HCP_acq-mot15perm010,sub-HCP,,,,acq-mot15perm010,,,,HCP,realistic,15.0,10,3dSHORE,Affine,high,dwidenoise
90.0,108.0,90.0,2.0,2.0,2.0,3010.0,0.5902729999999999,85.0,288.0,4128.12,18444.8,97.0,116.0,98.0,2.0,2.0,2.0,3010.0,0.8966040000000001,3.0,288.0,4246.76,14727.1,4.176824902848852,20.79430304788,0.1158860177,5.636942232000001,0.123273829484,5.119028071,0.0078756725252019,sub-HCP_acq-mot15perm007,sub-HCP,,,,acq-mot15perm007,,,,HCP,realistic,15.0,7,eddy,Quadratic,high,dwidenoise
90.0,108.0,90.0,2.0,2.0,2.0,3010.0,0.611558,97.0,288.0,3971.81,18400.8,97.0,116.0,98.0,2.0,2.0,2.0,3010.0,0.899317,1.0,288.0,4896.71,14532.1,4.256298258739974,23.68723437745,0.1090785711999999,4.932904105,0.17837908122,5.4687368841,0.0095678603911584,sub-HCP_acq-mot15perm005,sub-HCP,,,,acq-mot15perm005,,,,HCP,realistic,15.0,5,eddy,Linear,high,dwidenoise
90.0,108.0,90.0,2.0,2.0,2.0,3010.0,0.6040989999999999,98.0,288.0,3930.54,19283.4,97.0,116.0,98.0,2.0,2.0,2.0,3010.0,0.903785,3.0,288.0,4234.52,14629.6,4.2602033782290505,19.135169063435,0.1234471649,4.174823141,0.13033220917,4.916438358000001,0.0080635151708947,sub-HCP_acq-mot15perm006,sub-HCP,,,,acq-mot15perm006,,,,HCP,realistic,15.0,6,eddy,Quadratic,high,dwidenoise
90.0,108.0,90.0,2.0,2.0,2.0,3000.0,0.543272,76.0,103.0,3098.92,17728.1,97.0,116.0,98.0,2.0,2.0,2.0,3000.0,0.8238469999999999,49.0,103.0,3469.69,12388.1,6.885312480392159,25.896394,0.143946,3.529825,0.13794,4.277839,0.0086516284614398,sub-ABCD_acq-mot15perm008,sub-ABCD,,,,acq-mot15perm008,,,,ABCD,realistic,15.0,8,3dSHORE,Affine,high,dwidenoise
90.0,108.0,90.0,2.0,2.0,2.0,5015.0,0.5203949999999999,130.0,61.0,47325.8,71149.9,97.0,116.0,98.0,2.0,2.0,2.0,5015.0,0.781352,29.0,61.0,48697.8,49079.8,5.383988683333332,29.291244,0.121098,4.1494290000000005,0.187765,4.109648000000001,0.0083284610434131,sub-HASC55_acq-mot15perm009,sub-HASC55,,,,acq-mot15perm009,,,,HASC55,realistic,15.0,9,3dSHORE,Rigid,high,dwidenoise
90.0,108.0,90.0,2.0,2.0,2.0,3010.0,0.608563,85.0,288.0,3672.41,17967.9,97.0,116.0,98.0,2.0,2.0,2.0,3010.0,0.898534,4.0,288.0,4250.09,14949.3,4.297315758199054,25.81289980525,0.1177539155,4.464695076,0.15603536367,7.540894035,0.0076376363525393,sub-HCP_acq-mot15perm004,sub-HCP,,,,acq-mot15perm004,,,,HCP,realistic,15.0,4,eddy,Quadratic,high,dwidenoise
90.0,108.0,90.0,2.0,2.0,2.0,3010.0,0.579401,100.0,288.0,3858.84,18377.9,97.0,116.0,98.0,2.0,2.0,2.0,3010.0,0.900324,4.0,288.0,4966.01,14306.8,4.328410491716885,19.59109324513,0.1130477786,5.347828292,0.14397642761,5.2045061759,0.0093077395009538,sub-HCP_acq-mot15perm008,sub-HCP,,,,acq-mot15perm008,,,,HCP,realistic,15.0,8,eddy,Quadratic,high,dwidenoise
90.0,108.0,90.0,2.0,2.0,2.0,1000.0,0.339416,9.0,35.0,3171.29,38409.7,97.0,116.0,98.0,2.0,2.0,2.0,1000.0,0.8408889999999999,0.0,35.0,1802.29,9110.33,22.927790557125583,37.94403118766,0.18935965,8.144474691999998,0.25688008962,8.756138819,0.0083430602437511,sub-PNC_acq-mot15perm009,sub-PNC,,,,acq-mot15perm009,,,,PNC,realistic,15.0,9,eddy,Quadratic,high,dwidenoise
90.0,108.0,90.0,2.0,2.0,2.0,4985.0,0.56175,132.0,279.0,3673.91,16063.2,97.0,116.0,98.0,2.0,2.0,2.0,4985.0,0.857554,95.0,279.0,3230.56,13060.2,5.4435087338129495,24.321401,0.135915,5.06156,0.188678,7.17815,0.0090932971871092,sub-DSIQ5_acq-mot15perm002,sub-DSIQ5,,,,acq-mot15perm002,,,,DSIQ5,realistic,15.0,2,3dSHORE,Affine,high,dwidenoise
90.0,108.0,90.0,2.0,2.0,2.0,5015.0,0.520569,114.0,61.0,39169.7,63053.7,97.0,116.0,98.0,2.0,2.0,2.0,5015.0,0.759433,44.0,61.0,44861.8,45067.0,6.917398983333333,24.543218,0.121814,4.617030000000001,0.169792,4.633934000000001,0.0082387708098898,sub-HASC55_acq-mot15perm003,sub-HASC55,,,,acq-mot15perm003,,,,HASC55,realistic,15.0,3,3dSHORE,Rigid,high,dwidenoise
90.0,108.0,90.0,2.0,2.0,2.0,1000.0,0.321775,8.0,35.0,3833.3,39319.4,97.0,116.0,98.0,2.0,2.0,2.0,1000.0,0.839211,0.0,35.0,1762.82,9039.55,20.903241683708234,34.274185122199995,0.1870422363,8.173004069,0.25459413228,7.766727049,0.0091266147047141,sub-PNC_acq-mot15perm010,sub-PNC,,,,acq-mot15perm010,,,,PNC,realistic,15.0,10,eddy,Linear,high,dwidenoise
90.0,108.0,90.0,2.0,2.0,2.0,3010.0,0.590194,85.0,288.0,4136.72,18535.4,97.0,116.0,98.0,2.0,2.0,2.0,3010.0,0.8966459999999999,5.0,288.0,4245.12,14821.7,4.165980793435276,20.80652419388,0.1155498549,5.626701003000001,0.122938629671,5.133643854,0.0081386323143039,sub-HCP_acq-mot15perm007,sub-HCP,,,,acq-mot15perm007,,,,HCP,realistic,15.0,7,eddy,Linear,high,dwidenoise
90.0,108.0,90.0,2.0,2.0,2.0,1000.0,0.3381699999999999,10.0,35.0,3655.43,39622.8,97.0,116.0,98.0,2.0,2.0,2.0,1000.0,0.836872,0.0,35.0,1828.39,9135.42,22.1800347396835,37.02456877,0.1888202578,8.074013927999998,0.25607407095,7.763006348999999,0.0089141771359028,sub-PNC_acq-mot15perm006,sub-PNC,,,,acq-mot15perm006,,,,PNC,realistic,15.0,6,eddy,Quadratic,high,dwidenoise
90.0,108.0,90.0,2.0,2.0,2.0,3000.0,0.543117,76.0,103.0,2714.08,18009.4,97.0,116.0,98.0,2.0,2.0,2.0,3000.0,0.839802,2.0,103.0,3246.9,11197.7,4.478981902586286,16.527562413804993,0.1047055572,3.68100809,0.1050589457099999,3.6178710537,0.0125442924516447,sub-ABCD_acq-mot15perm008,sub-ABCD,,,,acq-mot15perm008,,,,ABCD,realistic,15.0,8,eddy,Linear,high,dwidenoise
90.0,108.0,90.0,2.0,2.0,2.0,3010.0,0.611554,97.0,288.0,4421.2,18106.4,97.0,116.0,98.0,2.0,2.0,2.0,3010.0,0.8755639999999999,85.0,288.0,4438.98,15154.8,5.658515031358886,29.165307,0.137932,4.462883000000001,0.2254799999999999,4.714473,0.0080989885730633,sub-HCP_acq-mot15perm005,sub-HCP,,,,acq-mot15perm005,,,,HCP,realistic,15.0,5,3dSHORE,Rigid,high,dwidenoise
90.0,108.0,90.0,2.0,2.0,2.0,3000.0,0.533988,66.0,103.0,2881.1,19279.3,97.0,116.0,98.0,2.0,2.0,2.0,3000.0,0.843642,1.0,103.0,3048.43,10834.3,3.88914214934758,18.66183479911,0.1082295477,4.204610398,0.13676479458,4.234722566119999,0.007762932785081,sub-ABCD_acq-mot15perm009,sub-ABCD,,,,acq-mot15perm009,,,,ABCD,realistic,15.0,9,eddy,Quadratic,high,dwidenoise
90.0,108.0,90.0,2.0,2.0,2.0,1000.0,0.333657,15.0,35.0,3076.42,40266.2,97.0,116.0,98.0,2.0,2.0,2.0,1000.0,0.840642,0.0,35.0,1805.82,9238.13,23.248185117636176,37.139660091,0.188915953,8.033092969,0.2563428803899999,7.752913745999999,0.0094138853232884,sub-PNC_acq-mot15perm003,sub-PNC,,,,acq-mot15perm003,,,,PNC,realistic,15.0,3,eddy,Quadratic,high,dwidenoise
90.0,108.0,90.0,2.0,2.0,2.0,3010.0,0.607162,106.0,288.0,3999.76,18955.4,97.0,116.0,98.0,2.0,2.0,2.0,3010.0,0.8968459999999999,4.0,288.0,4540.22,14904.6,4.257624296344862,18.835051662625,0.1210131496,4.9993821270000005,0.1537829711899999,5.7245664650000005,0.0087474956851153,sub-HCP_acq-mot15perm001,sub-HCP,,,,acq-mot15perm001,,,,HCP,realistic,15.0,1,eddy,Linear,high,dwidenoise
90.0,108.0,90.0,2.0,2.0,2.0,3010.0,0.585136,86.0,288.0,4125.45,18472.1,97.0,116.0,98.0,2.0,2.0,2.0,3010.0,0.882043,57.0,288.0,4413.51,15192.0,5.3875392299651566,32.277458,0.137038,4.192694,0.200375,7.332513,0.5604729745475562,sub-HCP_acq-mot15perm010,sub-HCP,,,,acq-mot15perm010,,,,HCP,realistic,15.0,10,3dSHORE,Rigid,high,dwidenoise
90.0,108.0,90.0,2.0,2.0,2.0,3000.0,0.510724,75.0,103.0,2534.42,19517.8,97.0,116.0,98.0,2.0,2.0,2.0,3000.0,0.829526,1.0,103.0,3247.27,11086.7,3.999021543155015,23.233870339599985,0.09870453179,4.020779898,0.15597194433,5.422603176,0.0081073348872041,sub-ABCD_acq-mot15perm001,sub-ABCD,,,,acq-mot15perm001,,,,ABCD,realistic,15.0,1,eddy,Linear,high,dwidenoise
90.0,108.0,90.0,2.0,2.0,2.0,4985.0,0.563812,134.0,279.0,3210.3,15459.4,97.0,116.0,98.0,2.0,2.0,2.0,4985.0,0.8526739999999999,87.0,279.0,3053.86,12883.2,5.753675309352517,29.621083,0.135878,4.692328,0.2491319999999999,5.116435,0.0078735849850608,sub-DSIQ5_acq-mot15perm006,sub-DSIQ5,,,,acq-mot15perm006,,,,DSIQ5,realistic,15.0,6,3dSHORE,Affine,high,dwidenoise
90.0,108.0,90.0,2.0,2.0,2.0,3010.0,0.590274,85.0,288.0,4586.16,18183.8,97.0,116.0,98.0,2.0,2.0,2.0,3010.0,0.879107,55.0,288.0,4411.51,15158.3,5.21662124390244,31.29374700000001,0.1389109999999999,4.523414,0.210424,6.905811,0.0079174214832909,sub-HCP_acq-mot15perm007,sub-HCP,,,,acq-mot15perm007,,,,HCP,realistic,15.0,7,3dSHORE,Rigid,high,dwidenoise
90.0,108.0,90.0,2.0,2.0,2.0,3010.0,0.607123,106.0,288.0,4000.31,18957.8,97.0,116.0,98.0,2.0,2.0,2.0,3010.0,0.8970040000000001,4.0,288.0,4558.25,14950.0,4.257389533654885,18.73787405099,0.1210668086999999,5.020380944999999,0.15379023177,5.721930791,0.0076647865981985,sub-HCP_acq-mot15perm001,sub-HCP,,,,acq-mot15perm001,,,,HCP,realistic,15.0,1,eddy,Quadratic,high,dwidenoise
90.0,108.0,90.0,2.0,2.0,2.0,3000.0,0.533359,45.0,103.0,3197.85,19123.2,97.0,116.0,98.0,2.0,2.0,2.0,3000.0,0.814655,58.0,103.0,3735.01,13297.4,5.64132431372549,24.914011,0.13785,4.925679,0.1634469999999999,6.305891,0.0085640813219762,sub-ABCD_acq-mot15perm002,sub-ABCD,,,,acq-mot15perm002,,,,ABCD,realistic,15.0,2,3dSHORE,Rigid,high,dwidenoise
90.0,108.0,90.0,2.0,2.0,2.0,3000.0,0.539637,67.0,103.0,3025.03,18337.5,97.0,116.0,98.0,2.0,2.0,2.0,3000.0,0.798752,78.0,103.0,3685.41,14272.8,7.797834725490198,24.27196700000001,0.126779,4.927425,0.162814,4.938045000000001,0.0077879882748795,sub-ABCD_acq-mot15perm006,sub-ABCD,,,,acq-mot15perm006,,,,ABCD,realistic,15.0,6,3dSHORE,Affine,high,dwidenoise
90.0,108.0,90.0,2.0,2.0,2.0,3010.0,0.6207590000000001,87.0,288.0,3647.86,18313.5,97.0,116.0,98.0,2.0,2.0,2.0,3010.0,0.8958430000000001,2.0,288.0,4167.96,15301.0,4.26303955462422,27.6373560512,0.1201501116,5.163808232999999,0.1448251232499999,5.731672277399999,0.0082596304514717,sub-HCP_acq-mot15perm003,sub-HCP,,,,acq-mot15perm003,,,,HCP,realistic,15.0,3,eddy,Linear,high,dwidenoise
90.0,108.0,90.0,2.0,2.0,2.0,3010.0,0.611664,97.0,288.0,4418.63,18104.9,97.0,116.0,98.0,2.0,2.0,2.0,3010.0,0.8909600000000001,120.0,288.0,4147.66,14313.3,6.337545912891986,27.032927,0.160645,4.369592,0.221839,4.68226,0.0080885554828625,sub-HCP_acq-mot15perm005,sub-HCP,,,,acq-mot15perm005,,,,HCP,realistic,15.0,5,3dSHORE,Affine,high,dwidenoise
90.0,108.0,90.0,2.0,2.0,2.0,4985.0,0.575701,155.0,279.0,3431.78,15241.6,97.0,116.0,98.0,2.0,2.0,2.0,4985.0,0.8496370000000001,165.0,279.0,3848.71,13974.6,5.940178974820143,29.04055700000001,0.172716,5.190805,0.201202,7.286309,0.0084827737029809,sub-DSIQ5_acq-mot15perm007,sub-DSIQ5,,,,acq-mot15perm007,,,,DSIQ5,realistic,15.0,7,3dSHORE,Affine,high,dwidenoise
90.0,108.0,90.0,2.0,2.0,2.0,4985.0,0.5759340000000001,149.0,279.0,3431.65,15248.2,97.0,116.0,98.0,2.0,2.0,2.0,4985.0,0.854707,154.0,279.0,3991.55,14714.7,5.6697940395683455,28.51854500000001,0.145484,4.678926000000001,0.204589,7.275051999999999,0.008005082859445,sub-DSIQ5_acq-mot15perm007,sub-DSIQ5,,,,acq-mot15perm007,,,,DSIQ5,realistic,15.0,7,3dSHORE,Rigid,high,dwidenoise
90.0,108.0,90.0,2.0,2.0,2.0,4985.0,0.577946,117.0,279.0,3621.57,15172.9,97.0,116.0,98.0,2.0,2.0,2.0,4985.0,0.848556,147.0,279.0,4199.22,15831.9,5.706521586330935,24.112681,0.148256,4.585868,0.154612,6.412967,0.0080342998756671,sub-DSIQ5_acq-mot15perm008,sub-DSIQ5,,,,acq-mot15perm008,,,,DSIQ5,realistic,15.0,8,3dSHORE,Rigid,high,dwidenoise
90.0,108.0,90.0,2.0,2.0,2.0,3010.0,0.607068,106.0,288.0,4504.08,18649.7,97.0,116.0,98.0,2.0,2.0,2.0,3010.0,0.8961180000000001,105.0,288.0,4022.02,14250.1,6.13748568292683,23.750663,0.139077,4.116353,0.2002219999999999,6.065617,0.0083138614132092,sub-HCP_acq-mot15perm001,sub-HCP,,,,acq-mot15perm001,,,,HCP,realistic,15.0,1,3dSHORE,Affine,high,dwidenoise
90.0,108.0,90.0,2.0,2.0,2.0,4985.0,0.578324,117.0,279.0,3628.41,15188.3,97.0,116.0,98.0,2.0,2.0,2.0,4985.0,0.8477790000000001,171.0,279.0,3817.61,13749.3,5.940420428057555,24.25154100000001,0.186563,4.434069,0.17851,6.272627,0.0088225092755115,sub-DSIQ5_acq-mot15perm008,sub-DSIQ5,,,,acq-mot15perm008,,,,DSIQ5,realistic,15.0,8,3dSHORE,Affine,high,dwidenoise
90.0,108.0,90.0,2.0,2.0,2.0,3000.0,0.543308,76.0,103.0,3097.5,17724.7,97.0,116.0,98.0,2.0,2.0,2.0,3000.0,0.8108270000000001,39.0,103.0,4184.72,15126.2,6.1133659215686285,22.410455,0.14986,3.4416300000000004,0.139795,4.095942,0.0086266165707569,sub-ABCD_acq-mot15perm008,sub-ABCD,,,,acq-mot15perm008,,,,ABCD,realistic,15.0,8,3dSHORE,Rigid,high,dwidenoise
90.0,108.0,90.0,2.0,2.0,2.0,3010.0,0.604328,98.0,288.0,3924.75,19165.7,97.0,116.0,98.0,2.0,2.0,2.0,3010.0,0.904298,4.0,288.0,4176.4,14514.7,4.154410752826851,18.727235912020003,0.1232325359999999,4.170333418999999,0.13052307441,4.894022541,0.0082345987762734,sub-HCP_acq-mot15perm006,sub-HCP,,,,acq-mot15perm006,,,,HCP,realistic,15.0,6,eddy,Linear,high,dwidenoise
90.0,108.0,90.0,2.0,2.0,2.0,1000.0,0.326378,20.0,35.0,3173.23,39786.2,97.0,116.0,98.0,2.0,2.0,2.0,1000.0,0.8398610000000001,0.0,35.0,1857.81,9455.75,22.5505862076553,37.88901726662,0.188573733,8.157776901,0.25605142864,8.764569652999999,0.0093181469598888,sub-PNC_acq-mot15perm008,sub-PNC,,,,acq-mot15perm008,,,,PNC,realistic,15.0,8,eddy,Linear,high,dwidenoise
90.0,108.0,90.0,2.0,2.0,2.0,4985.0,0.5713590000000001,135.0,279.0,3380.68,14384.7,97.0,116.0,98.0,2.0,2.0,2.0,4985.0,0.8531610000000001,99.0,279.0,3579.35,12235.1,5.189827928057554,29.347111,0.175703,4.977009,0.231552,5.547753,0.0083764282304348,sub-DSIQ5_acq-mot15perm009,sub-DSIQ5,,,,acq-mot15perm009,,,,DSIQ5,realistic,15.0,9,3dSHORE,Affine,high,dwidenoise
90.0,108.0,90.0,2.0,2.0,2.0,5015.0,0.4973189999999999,132.0,61.0,40699.8,61216.5,97.0,116.0,98.0,2.0,2.0,2.0,5015.0,0.730276,31.0,61.0,22956.8,47016.9,7.599968933333332,30.435511,0.146475,5.174356,0.1785889999999999,5.235992,0.0092286356664075,sub-HASC55_acq-mot15perm006,sub-HASC55,,,,acq-mot15perm006,,,,HASC55,realistic,15.0,6,3dSHORE,Affine,high,dwidenoise
90.0,108.0,90.0,2.0,2.0,2.0,3000.0,0.5396270000000001,67.0,103.0,2628.97,18579.1,97.0,116.0,98.0,2.0,2.0,2.0,3000.0,0.8432430000000001,1.0,103.0,2821.41,10815.8,4.087234067894923,18.12042171837,0.0901829898399999,4.203405727,0.119817134,4.407793051,0.0077921640668236,sub-ABCD_acq-mot15perm006,sub-ABCD,,,,acq-mot15perm006,,,,ABCD,realistic,15.0,6,eddy,Quadratic,high,dwidenoise
90.0,108.0,90.0,2.0,2.0,2.0,5015.0,0.512365,134.0,61.0,40512.9,62153.8,97.0,116.0,98.0,2.0,2.0,2.0,5015.0,0.747734,11.0,61.0,46113.8,51794.0,5.924389100000002,24.25958000000001,0.121315,4.099273999999999,0.130486,5.05687,0.00773578790978,sub-HASC55_acq-mot15perm007,sub-HASC55,,,,acq-mot15perm007,,,,HASC55,realistic,15.0,7,3dSHORE,Rigid,high,dwidenoise
90.0,108.0,90.0,2.0,2.0,2.0,3010.0,0.620827,87.0,288.0,3647.86,18321.3,97.0,116.0,98.0,2.0,2.0,2.0,3010.0,0.895892,2.0,288.0,4170.89,15279.7,4.264269014956608,27.7007280069,0.1203104927999999,5.161000951000001,0.14511857182,5.7431836067000015,0.0074830604980708,sub-HCP_acq-mot15perm003,sub-HCP,,,,acq-mot15perm003,,,,HCP,realistic,15.0,3,eddy,Quadratic,high,dwidenoise
90.0,108.0,90.0,2.0,2.0,2.0,5015.0,0.468897,116.0,61.0,43606.8,68475.5,97.0,116.0,98.0,2.0,2.0,2.0,5015.0,0.754793,47.0,61.0,27276.6,41928.5,5.399700133333335,20.42821,0.117864,3.671986,0.148474,4.507946,0.008860011813349,sub-HASC55_acq-mot15perm001,sub-HASC55,,,,acq-mot15perm001,,,,HASC55,realistic,15.0,1,3dSHORE,Rigid,high,dwidenoise
90.0,108.0,90.0,2.0,2.0,2.0,3000.0,0.5290779999999999,54.0,103.0,3078.56,18332.8,97.0,116.0,98.0,2.0,2.0,2.0,3000.0,0.812752,59.0,103.0,3580.61,13248.3,6.201514980392159,23.43847,0.144512,3.924604,0.134278,4.090157,0.0080071698462522,sub-ABCD_acq-mot15perm004,sub-ABCD,,,,acq-mot15perm004,,,,ABCD,realistic,15.0,4,3dSHORE,Rigid,high,dwidenoise
90.0,108.0,90.0,2.0,2.0,2.0,1000.0,0.325323,17.0,35.0,3044.7,39085.4,97.0,116.0,98.0,2.0,2.0,2.0,1000.0,0.839457,0.0,35.0,1771.34,9066.71,23.233631900243527,37.8885140395,0.1906219572,8.148757038999998,0.25775055589,8.841395749,0.0085223867729529,sub-PNC_acq-mot15perm005,sub-PNC,,,,acq-mot15perm005,,,,PNC,realistic,15.0,5,eddy,Linear,high,dwidenoise
90.0,108.0,90.0,2.0,2.0,2.0,4985.0,0.571462,135.0,279.0,3379.99,14395.2,97.0,116.0,98.0,2.0,2.0,2.0,4985.0,0.8509049999999999,84.0,279.0,4075.96,14506.4,4.865031748201439,26.23818,0.135957,4.622957,0.173319,5.843565,0.5606908303884127,sub-DSIQ5_acq-mot15perm009,sub-DSIQ5,,,,acq-mot15perm009,,,,DSIQ5,realistic,15.0,9,3dSHORE,Rigid,high,dwidenoise
90.0,108.0,90.0,2.0,2.0,2.0,5015.0,0.518416,118.0,61.0,39988.6,61252.3,97.0,116.0,98.0,2.0,2.0,2.0,5015.0,0.780111,27.0,61.0,27988.3,32710.0,4.909786166666667,21.565611,0.125615,3.330253,0.128033,5.2546360000000005,0.0074788821039381,sub-HASC55_acq-mot15perm010,sub-HASC55,,,,acq-mot15perm010,,,,HASC55,realistic,15.0,10,3dSHORE,Affine,high,dwidenoise
90.0,108.0,90.0,2.0,2.0,2.0,3010.0,0.610641,87.0,288.0,4646.77,19111.6,97.0,116.0,98.0,2.0,2.0,2.0,3010.0,0.897302,3.0,288.0,4606.44,15087.5,4.163967217993999,22.685800174,0.1200733781,4.892892256999999,0.20706111194,5.737790925800001,0.0075812426334399,sub-HCP_acq-mot15perm009,sub-HCP,,,,acq-mot15perm009,,,,HCP,realistic,15.0,9,eddy,Linear,high,dwidenoise
90.0,108.0,90.0,2.0,2.0,2.0,1000.0,0.325365,17.0,35.0,3047.6,39110.0,97.0,116.0,98.0,2.0,2.0,2.0,1000.0,0.839625,0.0,35.0,1754.51,9003.87,23.24021383636853,37.87971984769,0.1905715615,8.129472292,0.25777962063,8.838359218,0.0087495795492768,sub-PNC_acq-mot15perm005,sub-PNC,,,,acq-mot15perm005,,,,PNC,realistic,15.0,5,eddy,Quadratic,high,dwidenoise
90.0,108.0,90.0,2.0,2.0,2.0,3010.0,0.620793,87.0,288.0,4052.34,18072.9,97.0,116.0,98.0,2.0,2.0,2.0,3010.0,0.894308,99.0,288.0,4102.75,14465.3,6.3224658118466905,34.303339,0.180441,5.531097,0.207128,5.851382,0.0089225097369908,sub-HCP_acq-mot15perm003,sub-HCP,,,,acq-mot15perm003,,,,HCP,realistic,15.0,3,3dSHORE,Affine,high,dwidenoise
90.0,108.0,90.0,2.0,2.0,2.0,3010.0,0.61069,87.0,288.0,5121.47,18787.9,97.0,116.0,98.0,2.0,2.0,2.0,3010.0,0.89025,88.0,288.0,4408.08,14789.2,6.237253299651568,40.311779,0.155764,4.477303,0.232486,5.629275,0.0079382946447544,sub-HCP_acq-mot15perm009,sub-HCP,,,,acq-mot15perm009,,,,HCP,realistic,15.0,9,3dSHORE,Affine,high,dwidenoise
90.0,108.0,90.0,2.0,2.0,2.0,3000.0,0.511117,75.0,103.0,2530.67,19496.2,97.0,116.0,98.0,2.0,2.0,2.0,3000.0,0.829794,1.0,103.0,3235.67,11103.1,3.9818375460118407,23.3036964666,0.09836144,4.002959467,0.15635999292,5.470414408,0.0081177675823609,sub-ABCD_acq-mot15perm001,sub-ABCD,,,,acq-mot15perm001,,,,ABCD,realistic,15.0,1,eddy,Quadratic,high,dwidenoise
90.0,108.0,90.0,2.0,2.0,2.0,1000.0,0.345303,13.0,35.0,3342.83,38794.6,97.0,116.0,98.0,2.0,2.0,2.0,1000.0,0.837677,0.0,35.0,1693.23,9115.31,22.48694621353088,38.6106518415,0.1834954171999999,8.04382146,0.25074793395,9.49307007,0.0089141771359028,sub-PNC_acq-mot15perm002,sub-PNC,,,,acq-mot15perm002,,,,PNC,realistic,15.0,2,eddy,Quadratic,high,dwidenoise
90.0,108.0,90.0,2.0,2.0,2.0,3000.0,0.533404,45.0,103.0,2846.1,19304.6,97.0,116.0,98.0,2.0,2.0,2.0,3000.0,0.812966,1.0,103.0,3139.4,11120.6,7.468057210444307,19.89208899405,0.110185869,3.918663101,0.19433078919,6.087371472,0.0075248425045201,sub-ABCD_acq-mot15perm002,sub-ABCD,,,,acq-mot15perm002,,,,ABCD,realistic,15.0,2,eddy,Linear,high,dwidenoise
90.0,108.0,90.0,2.0,2.0,2.0,3000.0,0.540017,67.0,103.0,2628.99,18599.6,97.0,116.0,98.0,2.0,2.0,2.0,3000.0,0.844785,1.0,103.0,2806.78,10863.5,4.029729039637539,17.96972426246,0.09097737074,4.027347168,0.12007942795,4.419454319,0.0089620876788108,sub-ABCD_acq-mot15perm006,sub-ABCD,,,,acq-mot15perm006,,,,ABCD,realistic,15.0,6,eddy,Linear,high,dwidenoise
90.0,108.0,90.0,2.0,2.0,2.0,3010.0,0.611946,97.0,288.0,3968.75,18393.5,97.0,116.0,98.0,2.0,2.0,2.0,3010.0,0.89917,1.0,288.0,4881.58,14458.8,4.260954028010743,23.5304786056,0.1090983748,4.900370803,0.1781529784,5.460466225299999,0.0105363884173173,sub-HCP_acq-mot15perm005,sub-HCP,,,,acq-mot15perm005,,,,HCP,realistic,15.0,5,eddy,Quadratic,high,dwidenoise
90.0,108.0,90.0,2.0,2.0,2.0,3000.0,0.523017,72.0,103.0,2566.85,19315.7,97.0,116.0,98.0,2.0,2.0,2.0,3000.0,0.8399190000000001,2.0,103.0,3152.78,10992.8,3.987644891348889,16.430652219400002,0.0994032323399999,3.674819726,0.1249495428099999,4.085057945,0.0083222041116777,sub-ABCD_acq-mot15perm007,sub-ABCD,,,,acq-mot15perm007,,,,ABCD,realistic,15.0,7,eddy,Quadratic,high,dwidenoise
90.0,108.0,90.0,2.0,2.0,2.0,4985.0,0.573596,151.0,279.0,3375.87,14682.3,97.0,116.0,98.0,2.0,2.0,2.0,4985.0,0.8535729999999999,72.0,279.0,3814.77,14128.4,5.193786061151079,31.205782,0.13667,4.592653,0.200307,6.0903350000000005,0.5606433464001618,sub-DSIQ5_acq-mot15perm005,sub-DSIQ5,,,,acq-mot15perm005,,,,DSIQ5,realistic,15.0,5,3dSHORE,Rigid,high,dwidenoise
90.0,108.0,90.0,2.0,2.0,2.0,5015.0,0.487817,130.0,61.0,40279.6,62179.4,97.0,116.0,98.0,2.0,2.0,2.0,5015.0,0.768456,39.0,61.0,22905.6,41034.4,6.157881933333332,25.155485,0.130022,4.276446,0.13693,4.874499,0.0085828427249789,sub-HASC55_acq-mot15perm004,sub-HASC55,,,,acq-mot15perm004,,,,HASC55,realistic,15.0,4,3dSHORE,Affine,high,dwidenoise
90.0,108.0,90.0,2.0,2.0,2.0,3000.0,0.53422,66.0,103.0,3321.39,19589.0,97.0,116.0,98.0,2.0,2.0,2.0,3000.0,0.8139770000000001,25.0,103.0,3353.97,12440.6,5.055337941176472,25.857078,0.163415,4.257025,0.215629,4.422369,0.0076647865981985,sub-ABCD_acq-mot15perm009,sub-ABCD,,,,acq-mot15perm009,,,,ABCD,realistic,15.0,9,3dSHORE,Rigid,high,dwidenoise
90.0,108.0,90.0,2.0,2.0,2.0,4985.0,0.5749340000000001,131.0,279.0,3201.58,15286.1,97.0,116.0,98.0,2.0,2.0,2.0,4985.0,0.8494209999999999,132.0,279.0,3637.09,14961.8,5.481665309352518,28.444974,0.156081,6.162232,0.2255619999999999,6.359395,0.0086787232521665,sub-DSIQ5_acq-mot15perm010,sub-DSIQ5,,,,acq-mot15perm010,,,,DSIQ5,realistic,15.0,10,3dSHORE,Rigid,high,dwidenoise
90.0,108.0,90.0,2.0,2.0,2.0,3000.0,0.511092,69.0,103.0,3388.47,19441.4,97.0,116.0,98.0,2.0,2.0,2.0,3000.0,0.806467,77.0,103.0,3874.65,12804.8,7.598773901960783,30.418421,0.150792,5.513701999999999,0.282705,6.563373,0.0082950898284195,sub-ABCD_acq-mot15perm003,sub-ABCD,,,,acq-mot15perm003,,,,ABCD,realistic,15.0,3,3dSHORE,Affine,high,dwidenoise
90.0,108.0,90.0,2.0,2.0,2.0,3010.0,0.610607,87.0,288.0,5124.77,18800.0,97.0,116.0,98.0,2.0,2.0,2.0,3010.0,0.87471,103.0,288.0,4667.53,15934.3,5.546154264808362,37.431959,0.131051,4.572272,0.228082,6.04306,0.0088225092755115,sub-HCP_acq-mot15perm009,sub-HCP,,,,acq-mot15perm009,,,,HCP,realistic,15.0,9,3dSHORE,Rigid,high,dwidenoise
90.0,108.0,90.0,2.0,2.0,2.0,5015.0,0.498463,125.0,61.0,42365.7,65796.1,97.0,116.0,98.0,2.0,2.0,2.0,5015.0,0.718611,43.0,61.0,44494.5,65342.0,6.834109033333334,26.643629,0.122987,4.198421,0.151204,5.113775,0.0083180327799896,sub-HASC55_acq-mot15perm008,sub-HASC55,,,,acq-mot15perm008,,,,HASC55,realistic,15.0,8,3dSHORE,Affine,high,dwidenoise
90.0,108.0,90.0,2.0,2.0,2.0,3000.0,0.510876,69.0,103.0,3401.09,19475.7,97.0,116.0,98.0,2.0,2.0,2.0,3000.0,0.7904770000000001,62.0,103.0,3881.58,14317.6,6.835272235294117,30.076022999999992,0.144194,5.13759,0.276329,6.485303,0.008290918268624,sub-ABCD_acq-mot15perm003,sub-ABCD,,,,acq-mot15perm003,,,,ABCD,realistic,15.0,3,3dSHORE,Rigid,high,dwidenoise
90.0,108.0,90.0,2.0,2.0,2.0,3010.0,0.607067,106.0,288.0,4503.35,18643.7,97.0,116.0,98.0,2.0,2.0,2.0,3010.0,0.879784,76.0,288.0,4407.01,15675.1,5.521151512195122,23.78959600000001,0.1293099999999999,4.264109,0.21179,6.001951,0.0079132467455957,sub-HCP_acq-mot15perm001,sub-HCP,,,,acq-mot15perm001,,,,HCP,realistic,15.0,1,3dSHORE,Rigid,high,dwidenoise
90.0,108.0,90.0,2.0,2.0,2.0,3000.0,0.529223,54.0,103.0,2717.59,18477.5,97.0,116.0,98.0,2.0,2.0,2.0,3000.0,0.8475469999999999,2.0,103.0,3046.82,10560.1,3.832954447168952,18.54744781027165,0.1060136408,3.543391242,0.1061523312623,3.55905261243,0.0078297446127106,sub-ABCD_acq-mot15perm004,sub-ABCD,,,,acq-mot15perm004,,,,ABCD,realistic,15.0,4,eddy,Linear,high,dwidenoise
90.0,108.0,90.0,2.0,2.0,2.0,5015.0,0.520632,114.0,61.0,39161.4,63038.9,97.0,116.0,98.0,2.0,2.0,2.0,5015.0,0.763502,38.0,61.0,36180.3,40199.9,7.4748502,25.645386,0.128945,4.568325,0.165797,4.612709,0.0084994532761376,sub-HASC55_acq-mot15perm003,sub-HASC55,,,,acq-mot15perm003,,,,HASC55,realistic,15.0,3,3dSHORE,Affine,high,dwidenoise
90.0,108.0,90.0,2.0,2.0,2.0,3000.0,0.5304260000000001,78.0,103.0,2601.27,17295.8,97.0,116.0,98.0,2.0,2.0,2.0,3000.0,0.84475,1.0,103.0,3362.29,10810.1,4.019806896041334,20.1218543856,0.1174378991,4.345606397,0.14309594035,4.35754240033,0.008349316912309,sub-ABCD_acq-mot15perm010,sub-ABCD,,,,acq-mot15perm010,,,,ABCD,realistic,15.0,10,eddy,Linear,high,dwidenoise
90.0,108.0,90.0,2.0,2.0,2.0,3000.0,0.530453,78.0,103.0,2601.43,17278.5,97.0,116.0,98.0,2.0,2.0,2.0,3000.0,0.845201,1.0,103.0,3351.12,10771.4,4.025615014452974,20.1902152026,0.1179320514,4.328790429,0.1430058106699999,4.35056519182,0.008386855265759,sub-ABCD_acq-mot15perm010,sub-ABCD,,,,acq-mot15perm010,,,,ABCD,realistic,15.0,10,eddy,Quadratic,high,dwidenoise
90.0,108.0,90.0,2.0,2.0,2.0,1000.0,0.326361,20.0,35.0,3173.24,39787.3,97.0,116.0,98.0,2.0,2.0,2.0,1000.0,0.840116,0.0,35.0,1854.96,9452.52,22.54092444076794,37.83225728757,0.1885822713,8.148452372999998,0.25608037408,8.758369759,0.0097321863606579,sub-PNC_acq-mot15perm008,sub-PNC,,,,acq-mot15perm008,,,,PNC,realistic,15.0,8,eddy,Quadratic,high,dwidenoise
90.0,108.0,90.0,2.0,2.0,2.0,4985.0,0.56376,134.0,279.0,3210.57,15472.5,97.0,116.0,98.0,2.0,2.0,2.0,4985.0,0.8566729999999999,69.0,279.0,3680.54,15173.2,5.429868255395683,30.555187,0.131926,4.603611,0.248105,4.959136,0.0082721458152364,sub-DSIQ5_acq-mot15perm006,sub-DSIQ5,,,,acq-mot15perm006,,,,DSIQ5,realistic,15.0,6,3dSHORE,Rigid,high,dwidenoise
90.0,108.0,90.0,2.0,2.0,2.0,3000.0,0.539644,67.0,103.0,3025.24,18339.4,97.0,116.0,98.0,2.0,2.0,2.0,3000.0,0.784445,86.0,103.0,3731.68,15561.2,6.7541836862745095,21.71443600000001,0.128735,4.748011,0.128708,4.528213,0.0087745852358248,sub-ABCD_acq-mot15perm006,sub-ABCD,,,,acq-mot15perm006,,,,ABCD,realistic,15.0,6,3dSHORE,Rigid,high,dwidenoise
90.0,108.0,90.0,2.0,2.0,2.0,4985.0,0.5604819999999999,146.0,279.0,3684.6,16091.4,97.0,116.0,98.0,2.0,2.0,2.0,4985.0,0.854176,78.0,279.0,3698.78,15429.8,5.210426258992806,24.039698,0.138178,5.012368,0.190267,7.16882,0.0079758641220763,sub-DSIQ5_acq-mot15perm002,sub-DSIQ5,,,,acq-mot15perm002,,,,DSIQ5,realistic,15.0,2,3dSHORE,Rigid,high,dwidenoise
90.0,108.0,90.0,2.0,2.0,2.0,4985.0,0.592184,125.0,279.0,3848.05,15947.0,97.0,116.0,98.0,2.0,2.0,2.0,4985.0,0.858289,121.0,279.0,4202.23,13815.1,5.49679462589928,34.408007,0.141695,4.750298,0.227937,6.6694320000000005,0.0080196915826899,sub-DSIQ5_acq-mot15perm004,sub-DSIQ5,,,,acq-mot15perm004,,,,DSIQ5,realistic,15.0,4,3dSHORE,Affine,high,dwidenoise
90.0,108.0,90.0,2.0,2.0,2.0,3010.0,0.621215,87.0,288.0,4183.64,18235.8,97.0,116.0,98.0,2.0,2.0,2.0,3010.0,0.8794620000000001,65.0,288.0,4392.97,15669.6,5.305927163763066,25.84734,0.140927,4.499386,0.197811,6.947158,0.0080885554828625,sub-HCP_acq-mot15perm002,sub-HCP,,,,acq-mot15perm002,,,,HCP,realistic,15.0,2,3dSHORE,Rigid,high,dwidenoise
90.0,108.0,90.0,2.0,2.0,2.0,3010.0,0.6084609999999999,85.0,288.0,3672.41,17968.6,97.0,116.0,98.0,2.0,2.0,2.0,3010.0,0.8982399999999999,6.0,288.0,4259.15,14953.2,4.293177753850322,25.77573934975,0.1174980029,4.444409607,0.15587998926,7.470493531000001,0.0080071698462522,sub-HCP_acq-mot15perm004,sub-HCP,,,,acq-mot15perm004,,,,HCP,realistic,15.0,4,eddy,Linear,high,dwidenoise
90.0,108.0,90.0,2.0,2.0,2.0,5015.0,0.518563,118.0,61.0,40074.3,61357.5,97.0,116.0,98.0,2.0,2.0,2.0,5015.0,0.788082,15.0,61.0,36226.6,38291.3,4.417398783333334,20.261958,0.125295,3.275874,0.128541,5.330963000000001,0.5607689928719675,sub-HASC55_acq-mot15perm010,sub-HASC55,,,,acq-mot15perm010,,,,HASC55,realistic,15.0,10,3dSHORE,Rigid,high,dwidenoise
90.0,108.0,90.0,2.0,2.0,2.0,5015.0,0.468904,116.0,61.0,43603.3,68472.6,97.0,116.0,98.0,2.0,2.0,2.0,5015.0,0.75498,55.0,61.0,27775.0,47217.1,6.130365666666667,21.119696,0.1220329999999999,3.677146,0.150831,4.581541,0.0082721458152364,sub-HASC55_acq-mot15perm001,sub-HASC55,,,,acq-mot15perm001,,,,HASC55,realistic,15.0,1,3dSHORE,Affine,high,dwidenoise
90.0,108.0,90.0,2.0,2.0,2.0,5015.0,0.4877399999999999,130.0,61.0,40345.8,62288.5,97.0,116.0,98.0,2.0,2.0,2.0,5015.0,0.762208,25.0,61.0,29079.5,45994.9,5.929591516666665,24.122366,0.1147079999999999,4.327509,0.127767,4.962475,0.5607264366445439,sub-HASC55_acq-mot15perm004,sub-HASC55,,,,acq-mot15perm004,,,,HASC55,realistic,15.0,4,3dSHORE,Rigid,high,dwidenoise
90.0,108.0,90.0,2.0,2.0,2.0,3010.0,0.621313,87.0,288.0,3754.92,18370.8,97.0,116.0,98.0,2.0,2.0,2.0,3010.0,0.8977729999999999,3.0,288.0,4152.08,15063.7,4.016793984383491,22.3289712575,0.1160575449,5.14088362,0.17660788442,6.310945030999999,0.0075436432597631,sub-HCP_acq-mot15perm002,sub-HCP,,,,acq-mot15perm002,,,,HCP,realistic,15.0,2,eddy,Quadratic,high,dwidenoise
90.0,108.0,90.0,2.0,2.0,2.0,3000.0,0.534204,66.0,103.0,2888.28,19379.4,97.0,116.0,98.0,2.0,2.0,2.0,3000.0,0.8450340000000001,1.0,103.0,3055.85,10827.1,3.993878357401647,19.01971973246,0.1131422669,4.164488518,0.1440425776,4.18096856472,0.0076731402210605,sub-ABCD_acq-mot15perm009,sub-ABCD,,,,acq-mot15perm009,,,,ABCD,realistic,15.0,9,eddy,Linear,high,dwidenoise
90.0,108.0,90.0,2.0,2.0,2.0,3010.0,0.621314,87.0,288.0,4181.64,18198.5,97.0,116.0,98.0,2.0,2.0,2.0,3010.0,0.895551,78.0,288.0,4098.39,14262.0,5.943285181184669,26.644037,0.174865,4.33809,0.186917,7.061792,0.0079716898762273,sub-HCP_acq-mot15perm002,sub-HCP,,,,acq-mot15perm002,,,,HCP,realistic,15.0,2,3dSHORE,Affine,high,dwidenoise
90.0,108.0,90.0,2.0,2.0,2.0,4985.0,0.5793550000000001,119.0,279.0,3599.24,16076.6,97.0,116.0,98.0,2.0,2.0,2.0,4985.0,0.854833,79.0,279.0,3976.78,15449.9,5.01838395323741,22.579145,0.135039,4.526678,0.139928,6.57327,0.0077086415492201,sub-DSIQ5_acq-mot15perm003,sub-DSIQ5,,,,acq-mot15perm003,,,,DSIQ5,realistic,15.0,3,3dSHORE,Rigid,high,dwidenoise
90.0,108.0,90.0,2.0,2.0,2.0,1000.0,0.336426,15.0,35.0,3422.64,39683.3,97.0,116.0,98.0,2.0,2.0,2.0,1000.0,0.841937,0.0,35.0,1704.82,8927.44,23.306864581963826,38.5108930504,0.1912516057,8.04780895,0.2587721645299999,9.477747675,0.0091182855353604,sub-PNC_acq-mot15perm001,sub-PNC,,,,acq-mot15perm001,,,,PNC,realistic,15.0,1,eddy,Quadratic,high,dwidenoise
90.0,108.0,90.0,2.0,2.0,2.0,1000.0,0.340871,9.0,35.0,3186.6,38496.7,97.0,116.0,98.0,2.0,2.0,2.0,1000.0,0.8427370000000001,0.0,35.0,1775.89,8995.75,22.943863197317352,37.97389065652,0.1904762834,8.16621987,0.25801212337,8.780032595000002,0.009734266086741,sub-PNC_acq-mot15perm009,sub-PNC,,,,acq-mot15perm009,,,,PNC,realistic,15.0,9,eddy,Linear,high,dwidenoise
90.0,108.0,90.0,2.0,2.0,2.0,3010.0,0.610527,87.0,288.0,4642.47,19084.8,97.0,116.0,98.0,2.0,2.0,2.0,3010.0,0.897116,3.0,288.0,4607.07,15110.4,4.181052486277572,22.7615664261,0.1202932149,4.919080714,0.2072242125699999,5.710322634400001,0.0081657551535549,sub-HCP_acq-mot15perm009,sub-HCP,,,,acq-mot15perm009,,,,HCP,realistic,15.0,9,eddy,Quadratic,high,dwidenoise
90.0,108.0,90.0,2.0,2.0,2.0,1000.0,0.33345,22.0,35.0,3177.5,40153.6,97.0,116.0,98.0,2.0,2.0,2.0,1000.0,0.8415590000000001,0.0,35.0,1784.33,9244.68,21.77776026280353,38.1048620994,0.1909561455,8.028396645,0.25816917417,8.635472536,0.0087162366712637,sub-PNC_acq-mot15perm004,sub-PNC,,,,acq-mot15perm004,,,,PNC,realistic,15.0,4,eddy,Quadratic,high,dwidenoise
90.0,108.0,90.0,2.0,2.0,2.0,3000.0,0.533339,45.0,103.0,3196.52,19114.8,97.0,116.0,98.0,2.0,2.0,2.0,3000.0,0.828417,65.0,103.0,3414.4,12031.8,6.464243745098038,27.560022,0.175304,4.539867,0.194566,6.288829,0.0080405604409475,sub-ABCD_acq-mot15perm002,sub-ABCD,,,,acq-mot15perm002,,,,ABCD,realistic,15.0,2,3dSHORE,Affine,high,dwidenoise
90.0,108.0,90.0,2.0,2.0,2.0,3010.0,0.5849260000000001,86.0,288.0,3680.53,18740.6,97.0,116.0,98.0,2.0,2.0,2.0,3010.0,0.9005190000000001,1.0,288.0,4378.19,14909.4,4.50063041123927,31.5982287872,0.1144551709,5.513547336,0.16723140698,6.3916790500000005,0.0086662181481792,sub-HCP_acq-mot15perm010,sub-HCP,,,,acq-mot15perm010,,,,HCP,realistic,15.0,10,eddy,Linear,high,dwidenoise
90.0,108.0,90.0,2.0,2.0,2.0,1000.0,0.338586,10.0,35.0,3666.3,39670.2,97.0,116.0,98.0,2.0,2.0,2.0,1000.0,0.839183,0.0,35.0,1833.32,9175.19,22.180631819340583,37.060206812,0.1888203025,8.091510175,0.25598700346,7.766730807,0.008372257354905,sub-PNC_acq-mot15perm006,sub-PNC,,,,acq-mot15perm006,,,,PNC,realistic,15.0,6,eddy,Linear,high,dwidenoise
90.0,108.0,90.0,2.0,2.0,2.0,3010.0,0.5794279999999999,100.0,288.0,4249.12,18122.7,97.0,116.0,98.0,2.0,2.0,2.0,3010.0,0.8790049999999999,80.0,288.0,4520.27,15686.1,5.497684094076655,23.764501,0.147592,4.348774,0.168735,4.620005,0.0079341200827286,sub-HCP_acq-mot15perm008,sub-HCP,,,,acq-mot15perm008,,,,HCP,realistic,15.0,8,3dSHORE,Rigid,high,dwidenoise
90.0,108.0,90.0,2.0,2.0,2.0,3000.0,0.5108159999999999,75.0,103.0,2878.9,19325.7,97.0,116.0,98.0,2.0,2.0,2.0,3000.0,0.8213309999999999,60.0,103.0,3128.08,10991.9,6.545834392156863,29.692038,0.129796,4.879487,0.186798,6.1778010000000005,0.0083680864442888,sub-ABCD_acq-mot15perm001,sub-ABCD,,,,acq-mot15perm001,,,,ABCD,realistic,15.0,1,3dSHORE,Affine,high,dwidenoise
90.0,108.0,90.0,2.0,2.0,2.0,4985.0,0.575412,136.0,279.0,3615.79,14887.2,97.0,116.0,98.0,2.0,2.0,2.0,4985.0,0.86261,89.0,279.0,3436.93,13428.6,5.146010021582734,21.818598,0.134738,4.733663,0.208494,4.569308,0.0081365458806107,sub-DSIQ5_acq-mot15perm001,sub-DSIQ5,,,,acq-mot15perm001,,,,DSIQ5,realistic,15.0,1,3dSHORE,Affine,high,dwidenoise
90.0,108.0,90.0,2.0,2.0,2.0,1000.0,0.344983,13.0,35.0,3323.04,38668.2,97.0,116.0,98.0,2.0,2.0,2.0,1000.0,0.836039,0.0,35.0,1690.55,9090.89,22.474692579109703,38.548243758800005,0.1842623353,7.959346795,0.25051366538,9.485819203999997,0.0088058405699306,sub-PNC_acq-mot15perm002,sub-PNC,,,,acq-mot15perm002,,,,PNC,realistic,15.0,2,eddy,Linear,high,dwidenoise
90.0,108.0,90.0,2.0,2.0,2.0,3000.0,0.5107659999999999,75.0,103.0,2873.91,19273.4,97.0,116.0,98.0,2.0,2.0,2.0,3000.0,0.8108449999999999,43.0,103.0,3517.27,12648.4,5.646010137254901,28.995197,0.125856,4.916622,0.194777,6.031122999999999,0.0078506214636958,sub-ABCD_acq-mot15perm001,sub-ABCD,,,,acq-mot15perm001,,,,ABCD,realistic,15.0,1,3dSHORE,Rigid,high,dwidenoise
90.0,108.0,90.0,2.0,2.0,2.0,5015.0,0.515733,125.0,61.0,52705.3,81561.5,97.0,116.0,98.0,2.0,2.0,2.0,5015.0,0.75232,18.0,61.0,34397.1,65314.6,5.622243066666666,25.658496,0.133482,4.066964,0.1454329999999999,4.472384,0.0078610595597301,sub-HASC55_acq-mot15perm005,sub-HASC55,,,,acq-mot15perm005,,,,HASC55,realistic,15.0,5,3dSHORE,Rigid,high,dwidenoise
90.0,108.0,90.0,2.0,2.0,2.0,3010.0,0.585071,86.0,288.0,3683.41,18760.9,97.0,116.0,98.0,2.0,2.0,2.0,3010.0,0.9005,1.0,288.0,4400.13,15018.7,4.5077397923955065,31.5715337054,0.1144552827,5.530909664999999,0.16728401556,6.395281699,0.0077524926241892,sub-HCP_acq-mot15perm010,sub-HCP,,,,acq-mot15perm010,,,,HCP,realistic,15.0,10,eddy,Quadratic,high,dwidenoise
90.0,108.0,90.0,2.0,2.0,2.0,3010.0,0.579873,100.0,288.0,4249.11,18126.0,97.0,116.0,98.0,2.0,2.0,2.0,3010.0,0.896718,114.0,288.0,4102.25,14156.5,6.246003303135889,26.314933,0.168811,4.307496,0.1985309999999999,4.545481,0.0087537472513149,sub-HCP_acq-mot15perm008,sub-HCP,,,,acq-mot15perm008,,,,HCP,realistic,15.0,8,3dSHORE,Affine,high,dwidenoise
90.0,108.0,90.0,2.0,2.0,2.0,1000.0,0.336591,9.0,35.0,3467.94,38710.9,97.0,116.0,98.0,2.0,2.0,2.0,1000.0,0.838324,0.0,35.0,1758.79,8764.31,22.447784236165003,39.524086365,0.1836025417,8.196589402,0.24898085001,8.789708275999999,0.0088829286338871,sub-PNC_acq-mot15perm007,sub-PNC,,,,acq-mot15perm007,,,,PNC,realistic,15.0,7,eddy,Quadratic,high,dwidenoise
90.0,108.0,90.0,2.0,2.0,2.0,1000.0,0.344055,9.0,35.0,3458.7,38577.1,97.0,116.0,98.0,2.0,2.0,2.0,1000.0,0.835923,0.0,35.0,1755.35,8770.36,22.424613678504706,39.54364613600001,0.1831363589,8.180870167,0.2486310601299999,8.81239202,0.0096989095552531,sub-PNC_acq-mot15perm007,sub-PNC,,,,acq-mot15perm007,,,,PNC,realistic,15.0,7,eddy,Linear,high,dwidenoise
